hypothesis,label,n,cgm_floored,var,beta,se,odds_ratio,or_lo,or_hi,p_nhst,p_tost,verdict
H3,log10 duration (positive control),4854,False,log_duration,0.759057785251862,0.08490774657818459,2.1362624539555206,1.8578073910215245,2.4564533945958393,3.89895599634053e-19,0.9999999999999973,REAL EFFECT — exceeds SESOI
H1,description has chapters,4886,False,has_chapters_f,0.09545794244464961,0.19560659740199607,1.1001625509135375,0.797489764612126,1.517709307556144,0.6255428779699173,0.5003013638592245,"INCONCLUSIVE — underpowered, do NOT claim a null"
H2,has captions,4854,False,has_captions,0.17466920936857946,0.20384090086021314,1.1908522286915368,0.851616274427725,1.6652206787999257,0.391505734560574,0.6514797160358634,"INCONCLUSIVE — underpowered, do NOT claim a null"
H5,log10 channel subscribers (null-form),4886,False,log_subs,-0.17179172551711555,0.08918274172879123,0.8421545542084548,0.7272505089992763,0.9752131960003164,0.05406831056734233,0.8044384392252844,REAL EFFECT — exceeds SESOI
H6,log10 video views (null-form),4854,False,log_views,-0.25743159534701027,0.08453121601515769,0.7730345036619064,0.67268839020661,0.8883494238220287,0.0023236893436591453,0.9724374009710455,REAL EFFECT — exceeds SESOI
